Workbook

Sheet Sheet1
A1: PENGESAHAN KEHADIRAN PEGAWAI BAGI MAJLIS MMR JASA DIKENANG KPA (GAJI)
A3: BIL | B3: NO TEN | C3: PKT | D3: NAMA PENUH | E3: PASUKAN | F3: JAWATAN | G3: MENU | I3: PASANGAN | J3: MENU PASANGAN | K3: CATATAN
AA4: NO TELEFON BIMBIT | AB4: JANTINA
A5: 1 | B5: 3004463 | C5: BRIG JEN | D5: ZAMZURI BIN HARUN | E5: BPA - UGAT | F5: PENGARAH | G5: DAGING | H5: P3004463 | I5: PN ZURYATI BINTI ZULKIFLI | J5: AYAM | AA5: 0126210046 / 0129210046 | AB5: L
A6: 2 | B6: 3003652 | C6: BRIG JEN | D6: AZAMAN BIN JAAFAR | E6: MK TD - CWG P&P | F6: KETUA PENGARAH BELANJAWAN | G6: KAMBING | H6: P3003652 | I6: PN ARDINA SURIA BTE ABU BAKAR | J6: DAGING | AA6: 012-2442182 | AB6: L
A7: 3 | B7: 3005059 | C7: KOL | D7: ZULKIFLE BIN HASHIM | E7: MK TD - CSM | F7: PENGARAH BELANJAWAN | G7: DAGING | H7: P3005059 | I7: PN RAHIMAH BINTI ALAM SAH | J7: DAGING | AA7: 012-6636811 | AB7: L
A8: 4 | B8: 3005715 | C8: KOL | D8: MOHD LUTPI TAUFIK BIN CHE MAT MIN | E8: BPA - UGAT | F8: TIMB PENGARAH | G8: KAMBING | H8: P3005715 | I8: PN TENGKU ASMA IZANI BINTI DATO’ TENGKU AZIZ | J8: IKAN | AA8: 012-3996017 | AB8: L
A9: 5 | B9: 3005397 | C9: LT KOL | D9: NORAZILENA BINTI MOHAMAD NOR | E9: MK TD - CWG P&P | F9: PS 1 KEWANGAN | G9: KAMBING | H9: P3005397 | I9: - | AA9: 012-6393950 | AB9: P
A10: 6 | B10: 3006393 | C10: LT KOL | D10: JAMAL BIN SAPRI | E10: MK PMBTD | F10: PS 1 BELANJAWAN | G10: KAMBING | H10: P3006393 | I10: DR SALIMAH BINTI HJ OTHMAN | J10: IKAN | AA10: 019-2364654 | AB10: L
A11: 7 | B11: 3006672 | C11: LT KOL | D11: AZARUL AZUAN BIN ABDULLAH | E11: MK ATM - SEK | F11: PS 1 KEWANGAN | G11: KAMBING | H11: P3006672 | I11: PN RAPIDAH BINTI MAZLAN | J11: DAGING | AA11: 012-2886720 | AB11: L
A12: 8 | B12: 3006696 | C12: LT KOL | D12: MOHD AZIZAN BIN MUSTAPHA | E12: MK PLDTD | F12: PS 1 BELANJAWAN | G12: DAGING | H12: P3006696 | I12: PUAN ROHAYU BINTI IBRAHIM | J12: IKAN | AA12: 013-9837644 | AB12: L
A13: 9 | B13: 3007255 | C13: LT KOL | D13: AZHAR BIN AHMAD | E13: BPA - UGAT | F13: PS 1 TURUS | G13: IKAN | H13: P3007255 | I13: PN FADHILAH BINTI AHMAD | J13: AYAM | AA13: 019-9157255 | AB13: L
A14: 10 | B14: 3009651 | C14: LT KOL | D14: MOHD AZIZI BIN AHMAD | E14: MK PMTTD | F14: PS 1 BELANJAWAN | G14: IKAN | H14: P3009651 | I14: PUAN NORZUNAIRAH BINTI MOHAMED NOR | J14: KAMBING | AA14: 012-6636811 | AB14: L
A15: 11 | B15: 3007529 | C15: LT KOL | D15: IZWAN BIN ISMAIL | E15: MK TD - CSM | F15: PS 1 KEWANGAN | G15: DAGING | H15: P3007529 | I15: PN SHARINA YUSNEEN BINTI KAMARUDDIN | J15: DAGING | AA15: 019-3597529 | AB15: L
A16: 12 | B16: 3010189 | C16: LT KOL | D16: ZULKARNAIN BIN YUSUF | E16: BADSA | F16: KETUA AUDIT BERSAMA | G16: DAGING | H16: P3010189 | I16: - | AA16: 012-3390189 | AB16: L
A17: 13 | B17: 3008216 | C17: LT KOL | D17: NORAZLINA BTE IBRAHIM | E17: BPA - UGAT | F17: PS 1 AKAUN | G17: IKAN | H17: P3008216 | I17: - | AA17: 013-3866248 | AB17: P
A18: 14 | B18: 3010206 | C18: LT KOL | D18: NORSYAZURA BTE MUSA | E18: BADSA | F18: PS 1 KAJIAN | G18: DAGING | H18: P3010206 | I18: EN MOHAMAD JOHARI BIN ISMAIL | J18: DAGING | AA18: 012-6161017 | AB18: P
A19: 15 | B19: 3009693 | C19: MEJ | D19: ZULKARNAIN BIN AMIR | E19: BPA - UGAT | F19: PS 1 BAYARAN | G19: DAGING | H19: P3009693 | I19: PN ZANARIAH BINTI IBRAHIM | J19: IKAN | AA19: 019-9369693 | AB19: L
A20: 16 | B20: 3008035 | C20: MEJ | D20: MOHAMAD HAZRI BIN HAMZAH | E20: MK ATM - BPKP | F20: PS 1 KEWANGAN | G20: IKAN | H20: P3008035 | I20: PN AZRINA BINTI MOHAMAD HEPNI | J20: AYAM | AA20: 019-2818035 | AB20: L
A21: 17 | B21: 3005934 | C21: LT KOL | D21: ABDULLAH BIN AYOB | E21: ATD - KOLEJ PTT | F21: JURULATIH KANAN | G21: KAMBING | H21: P3005934 | I21: - | AA21: 019-2773749 | AB21: L
A22: 18 | B22: 3006480 | C22: LT KOL | D22: NORDIN BIN AWANG | E22: BPA - KEBAJIKAN | F22: PS 2 TKAT | G22: DAGING | H22: P3006480 | I22: PN NORZURA BTE MOHAMED | J22: DAGING | AA22: 019-2866709 | AB22: L
A23: 19 | B23: 3007186 | C23: LT KOL | D23: ANTHONY AK UNGOP | E23: MK BGD KE-31 INF | F23: PS 2 GAJI/ BELANJAWAN | G23: AYAM | H23: P3007186 | I23: - | AA23: 019-8157186 | AB23: L
A24: 20 | B24: 3007228 | C24: LT KOL | D24: NAZIRUDDIN BIN ISMAIL | E24: BPA - UGAT | F24: PS 2 PEMERIKSAAN | G24: KAMBING | H24: P3007228 | I24: PN ISMAWATI BTE IDRIS | J24: IKAN | AA24: 019-3935967 | AB24: L
A25: 21 | B25: 3008083 | C25: LT KOL | D25: YOONG SOON KIONG | E25: BPA-CTK | F25: PS 2 RANCANG A3 | G25: IKAN | H25: P3008083 | I25: - | AA25: 016-7795115 | AB25: L
A26: 22 | B26: 3006374 | C26: MEJ | D26: YUSRI BIN DARUS | E26: MK 2 DIV | F26: PS 2 BELANJAWAN | G26: DAGING | H26: P3006374 | I26: - | K26: LATEST - ISTERI X HADIR | AA26: 017-4036270 | AB26: L
A27: 23 | B27: 3006377 | C27: MEJ | D27: ROSMAZIA BTE MUSTAPHA | E27: PU SENDAYAN | F27: PS 2 GAJI | G27: IKAN | H27: P3006377 | I27: - | AA27: 019-2703285 | AB27: P
A28: 24 | B28: 3006690 | C28: MEJ | D28: KU NORAZLINI BTE MOHD ALI | E28: MTD | F28: PEGAWAI GAJI | G28: IKAN | H28: P3006690 | I28: - | AA28: 013-3880206 | AB28: P
A29: 25 | B29: 3006807 | C29: MEJ | D29: JUHAIRI RAFHAN BIN JASMANI | E29: MK ATM - MSAT (PBAT) | F29: BENDAHARI PBAT | G29: KAMBING | H29: P3006807 | I29: MEJ MAZIAH BTE ABDUL MANAF | AA29: 012-3207329 | AB29: L
A30: 26 | B30: 3006810 | C30: MEJ | D30: MAZIAH BTE ABDUL MANAF | E30: PUSPAHANAS | F30: PENGURUS WISMA | G30: DAGING | H30: P3006810 | I30: MEJ JUHAIRI RAFHAN BIN JASMANI (3006807) | AA30: 012-3290079/ 019-3356810 | AB30: P
A31: 27 | B31: 3007993 | C31: MEJ | D31: AHMAD LUFTI BIN BABA | E31: BPA - UGAT | F31: PS 2 TADBIR | G31: AYAM | H31: P3007993 | I31: PN NURUL AIN BINTI ZAKARIA | J31: IKAN | AA31: 013-2970933 | AB31: L
A32: 28 | B32: 3007997 | C32: MEJ | D32: ASRUL BIN BAHAR | E32: MAWILUD 2 | F32: PS 2 GAJI | G32: DAGING | H32: P3007997 | I32: - | AA32: 019-5819848 | AB32: L
A33: 29 | B33: 3008001 | C33: MEJ | D33: BADRUL HISHAM BIN MOHD SOHAIMI | E33: MK TD - CSM | F33: PS 2 KEWANGAN | G33: IKAN | H33: P3008001 | I33: PN NURHUDA BINTI ABD RAHIM | J33: AYAM | AA33: 019-9808001 | AB33: L
A34: 30 | B34: 3008032 | C34: MEJ | D34: MOHD FAIZAL BIN ABDUL WAHID | E34: PULADA | F34: PEG ABM | G34: AYAM | H34: P3008032 | I34: - | AA34: 012-3458032 | AB34: L
A35: 31 | B35: 3008056 | C35: MEJ | D35: NATASYA AINI BTE OSMAN | E35: MAWILLUD 1 | F35: PS 2 GAJI | G35: DAGING | H35: P3008056 | I35: - | AA35: 019-2778499 | AB35: P
A36: 32 | B36: 3008124 | C36: MEJ | D36: MAHATHIR BIN DAUD | E36: MK 4 BGD (MEK) | F36: PS 2 BELANJAWAN | G36: DAGING | H36: P3008124 | I36: - | AA36: 012-8064838 | AB36: L
A37: 33 | B37: 3008219 | C37: MEJ | D37: NORZIEANA BTE ISMAIL | E37: MK ATM - SEK | F37: PS 2 KEWANGAN | G37: IKAN | H37: P3008219 | I37: - | AA37: 012-6293911 | AB37: P
A38: 34 | B38: 3008445 | C38: MEJ | D38: IQTIYANIE MARLITA BTE MOHD GANI | E38: MK ATM - SEK | F38: PS 2 PERSONAL EMOLUMEN (PE) | G38: IKAN | H38: P3008445 | I38: - | AA38: 012-2748747 | AB38: P
A39: 35 | B39: 3008476 | C39: MEJ | D39: MOHD ISHAR BIN AHMAD ROBANI | E39: BOPKP | F39: PS 2 GAJI | G39: AYAM | H39: P3008476 | I39: - | AA39: 019-3558476 | AB39: L
A40: 36 | B40: 3008508 | C40: MEJ | D40: NORAPIDAH BTE ABU BAKAR | E40: HAT TUANKU MIZAN | F40: PS 2 KEWANGAN | G40: KAMBING | H40: P3008508 | I40: - | AA40: 019-2718508 | AB40: P
A41: 37 | B41: 3008905 | C41: MEJ | D41: HARTINI BTE MD AMIN | E41: BPA - UGAT | F41: PEMEGANG PANJAR ATM 101 | G41: IKAN | H41: P3008905 | I41: - | AA41: 019-2009985 | AB41: P
A42: 38 | B42: 3008922 | C42: MEJ | D42: MOHAMMAD KHAIRUL SYAWAL BIN ABDUL KARIM | E42: 94 HAT | F42: PS 2 GAJI/BEL | G42: DAGING | H42: P3008922 | I42: - | AA42: 019-3398922 | AB42: L
A43: 39 | B43: 3009154 | C43: MEJ | D43: AZHARI BIN CHE RUS | E43: MK 5 BGD | F43: PS 2 BELANJAWAN | G43: IKAN | H43: P3009154 | I43: MEJ NORAFLINA BINTI MOHD ANUAR | K43: COMFIRM MENU | AA43: 013-4217171 | AB43: L
A44: 40 | B44: 3009234 | C44: MEJ | D44: AIFALINDA BTE JAMALUDIN | E44: BPA - UGAT | F44: PS 2 AKAUN PEGAWAI | G44: KAMBING | H44: P3009234 | I44: - | AA44: 012-2701267 | AB44: P
A45: 41 | B45: 3009427 | C45: MEJ | D45: JUNITA ADLINA BTE HADLIN | E45: BPA - CSA | F45: PS 2 KEWANGAN | G45: AYAM | H45: P3009427 | I45: - | AA45: 019-9740127 | AB45: P
A46: 42 | B46: 3009495 | C46: MEJ | D46: MUHAMAD FAZLY BIN MUSTAFA KAMAR | E46: MK ATM - SEK | F46: PS 2 PEROLEHAN | G46: DAGING | H46: P3009495 | I46: PN NURULNAJLA BINTI IBRAHIM | J46: AYAM | AA46: 012-5189495 | AB46: L
A47: 43 | B47: 3009675 | C47: MEJ | D47: NUR HAFIZULLAH BIN IDRIS | E47: MK 10 BGD (PARA) | F47: PS 2 GAJI & BELANJAWAN | G47: DAGING | H47: P3009675 | I47: - | AA47: 012-3239675 | AB47: L
A48: 44 | B48: 3009717 | C48: MEJ | D48: NORAFLINA BTE MOHD ANUAR | E48: HAT WKK | F48: PS 2 BELANJAWAN | G48: DAGING | H48: P3009717 | I48: MEJ AZHARI BIN CHE RUS | K48: COMFIRM MENU | AA48: 012-3907824 | AB48: P
A49: 45 | B49: 3009725 | C49: MEJ | D49: ROSLIZA BTE ARIFIN | E49: PUSPAHANAS | F49: PS 2 BELANJAWAN | G49: IKAN | H49: P3009725 | I49: - | AA49: 013-4209710 | AB49: P
A50: 46 | B50: 3009940 | C50: MEJ | D50: SAKEENAH BTE ALI BADRI | E50: MK ATM - SEK | F50: PS 2 KEWANGAN | G50: KAMBING | H50: P3009940 | I50: - | AA50: 013-3509940 | AB50: P
A51: 47 | B51: 3010051 | C51: MEJ | D51: MOHD ABD HAFIZ BIN MOHD NAZRI | E51: MK 5 DIV | F51: PS 2 BELANJAWAN | G51: DAGING | H51: P3010051 | I51: PUAN NORZILA BINTI ABDUL GHANI | J51: IKAN | AA51: 019-5604080 | AB51: L
A52: 48 | B52: 3010186 | C52: MEJ | D52: KHAIRIZAL BIN RAUOB | E52: 96 HAT | F52: PS 2 BELANJAWAN | G52: KAMBING | H52: P3010186 | I52: - | AA52: 019-5748394 | AB52: L
A53: 49 | B53: 3010205 | C53: MEJ | D53: FAZLIN ERWINAZ BTE HASSAN | E53: MK TD - OPLAT | F53: PS 2 BELANJWAN | G53: IKAN | H53: P3010205 | I53: MEJ SHAHFIZAL BIN KHAIRUDIN | J53: KAMBING | AA53: 019-3552050 | AB53: P
A54: 50 | B54: 3010207 | C54: MEJ | D54: NURHUDA BTE AMAT PUAD | E54: BPA - UGAT | F54: PS 2 PEMBERHENTIAN | G54: DAGING | H54: P3010207 | I54: - | AA54: 012-5114620 | AB54: P
A55: 51 | B55: 3010287 | C55: MEJ | D55: MAIZATUL LIYANA BTE MOHD ZAKIDIN | E55: MK TD - CWG P&P | F55: PS 2 KEWANGAN | G55: IKAN | H55: P3010287 | I55: MEJ AIZAT (KOMPUTER) | AA55: 017-6057871 | AB55: P
A56: 52 | B56: 3010376 | C56: MEJ | D56: NOR AZREEN BTE ZAKARIA | E56: BPA - UGAT | F56: PS 2 DASAR & TEKNIK | G56: KAMBING | H56: P3010376 | I56: - | AA56: 017-6886936 | AB56: P
A57: 53 | B57: 3010822 | C57: MEJ | D57: NORHAFIFAH BTE MAJID | E57: MK TD - CWG LOG | F57: PS 2 BELANJAWAN | G57: IKAN | H57: P3010822 | I57: - | AA57: 019-6644090 | AB57: P
A58: 54 | B58: 3010893 | C58: MEJ | D58: HASBULLAH BIN ISMAIL | E58: MK 9 BGD | F58: PS 2 GAJI & BELANJAWAN | G58: DAGING | H58: P3010893 | I58: PN NURSYAZWANI BINTI NAZRI | J58: AYAM | K58: PINDA - HADIR (LATEST) | AA58: 010-2220893 | AB58: L
A59: 55 | B59: 3010901 | C59: MEJ | D59: JAMADIL HALIM BIN AZMI BAZIR | E59: BPA - UGAT | F59: PS 2 BAYARAN | G59: KAMBING | H59: P3010901 | I59: PN HAFIZAH BINTI MAHAMAD NAWAWI | J59: DAGING | AA59: 019-4944848 | AB59: L
A60: 56 | B60: 3011148 | C60: MEJ | D60: KHAIRUL ANUAR BIN AB MAJID | E60: MPLDTD | F60: PS 2 GAJI | G60: DAGING | H60: P3011148 | I60: - | AA60: 013-7964548 | AB60: L
A61: 57 | B61: 3011296 | C61: MEJ | D61: UMMI KALSOM BTE MOHD LIAS | E61: BPA - UGAT | F61: PS 2 PANJAR | G61: DAGING | H61: P3011296 | I61: - | AA61: 013-2056478 | AB61: P
A62: 58 | B62: 3011588 | C62: MEJ | D62: MOHD HAIRI BIN SAMDIN | E62: MK TD - BITD | F62: PS 2 BELANJAWAN | G62: DAGING | H62: P3011588 | I62: - | AA62: 013-2098029 | AB62: L
A63: 59 | B63: 3011591 | C63: MEJ | D63: MOHD FAKHRUL HADI BIN AHMAD SAMSURI | E63: MK 4 DIV | F63: PS 2 BELANJAWAN | G63: KAMBING | H63: P3011591 | I63: - | AA63: 012-7105065 | AB63: L
A64: 60 | B64: 3011636 | C64: MEJ | D64: FIKRI HANIS BIN MD BADARUDIN | E64: MK PMBTD | F64: PS 2 GAJI/ BELANJAWAN | G64: KAMBING | H64: P3011636 | I64: PN HANA RAFIDAH BINTI HASHIM | J64: KAMBING | AA64: 019-8189175 | AB64: L
A65: 61 | B65: 3011701 | C65: MEJ | D65: MUHAMMAD AIZAT BIN MUHAMMAD SUHAIMI | E65: BPA - UGAT | F65: PEG DATA ELEKTRONIK | G65: DAGING | H65: P3011701 | I65: MEJ MAIZIATUL LIYANA (GAJI) | AA65: 014-9215944 | AB65: L
A66: 62 | B66: 3011861 | C66: MEJ | D66: MOHD HERMAN BIN KAMARUDIN | E66: MK 1 DIV | F66: PS 2 BELANJAWAN | G66: DAGING | H66: P3011861 | I66: - | AA66: 019-7758752 | AB66: L
A67: 63 | B67: 3011943 | C67: MEJ | D67: NORSYAHIDA BT AHMAD | E67: MK 3 DIV | F67: PS 2 BELANJAWAN | G67: DAGING | H67: P3011943 | I67: - | AA67: 019-3342476 | AB67: P
A68: 64 | B68: 3012023 | C68: MEJ | D68: MOHD WAIZ LUTFI BIN ABD LATIF | E68: MK ATM - BPK | F68: PS 2 BELANJAWAN | G68: DAGING | H68: P3012023 | I68: - | AA68: 019-4448383 | AB68: L
A69: 65 | B69: 3012024 | C69: MEJ | D69: MOHAMMAD NAJIB BIN ZAKARIA | E69: MK TD - CWG P&P | F69: PS 2 AKAUN | G69: KAMBING | H69: P3012024 | I69: - | AA69: 017-6675997 | AB69: L
A70: 66 | B70: 7508392 | C70: MEJ | D70: JUNAINAH BTE MUIN | E70: MK LOGISTIK TD | F70: PS 2 BELANJAWAN | G70: IKAN | H70: P7508392 | I70: - | AA70: 019-2127494 | AB70: P
A71: 67 | B71: 7510166 | C71: MEJ | D71: SHAHIZAM BIN MOHD SHARIF | E71: MK TD - BPS | F71: PS 2 BELANJAWAN | G71: IKAN | H71: P7510166 | I71: KAPT NOR NIZAMIAH BINTI OTHMAN | J71: DAGING | AA71: 017-3520166 | AB71: L
A72: 68 | B72: 7514423 | C72: MEJ | D72: HASNIZA BTE MUHAMMAD | E72: ATD | F72: PEGAWAI GAJI | G72: IKAN | H72: P7514423 | I72: - | AA72: 012-6556084 | AB72: P
A73: 69 | B73: 7516997 | C73: MEJ | D73: HASMIZA BTE BAHAROM | E73: MK TD - CWG P&P | F73: PS 2 PTJ | G73: KAMBING | H73: P7516997 | I73: - | AA73: 019-2896805 | AB73: P
A74: 70 | B74: 3011401 | C74: KAPT | D74: MOHD AZMIL BIN BASIR | E74: MK 12 BGD | F74: PS 2 BELANJAWAN | G74: IKAN | H74: P3011401 | I74: - | AA74: 019-3591401 | AB74: L
A75: 71 | B75: 3011466 | C75: KAPT | D75: MUHAMMAD HATIMTAI BIN BAHARUDIN | E75: MK 6 BGD | F75: PS 2 GAJI/ BELANJAWAN | G75: AYAM | H75: P3011466 | I75: - | AA75: 019-7124654 | AB75: L
A76: 72 | B76: 3013672 | C76: KAPT | D76: ANUAR SHAH BIN JAINAL | E76: MK 21 GGK | F76: PS 2 BELANJAWAN | G76: DAGING | H76: P3013672 | I76: - | AA76: 011-10708808 | AB76: L
A77: 73 | B77: 3011288 | C77: KAPT | D77: NUR DIYANA BTE CHE OMAR | E77: MTU | F77: PS 2 GAJI | G77: KAMBING | H77: P3011288 | I77: - | AA77: 013-3446320 | AB77: P
A78: 74 | B78: 7518991 | C78: KAPT | D78: SUNAINI BINTI MOHD ALI | E78: MK TD - CWG P&P | F78: PS 2 PERSONAL EMOLUMEN (PE) | G78: AYAM | H78: P7518991 | I78: - | AA78: 013-7176017 | AB78: P
A79: 75 | B79: 3012281 | C79: KAPT | D79: NUR IZZATI BINTI ZAIDEL | E79: MK TD - BITD | F79: KETUA AUDIT STAR RATING | G79: DAGING | H79: P3012281 | I79: MEJ MUHAMMAD AIZAT BIN ABDUL RAHIM (3011455) | J79: IKAN | AA79: 019-8632281 | AB79: P
A80: 76 | B80: 3011348 | C80: KAPT | D80: AMIR HASRUL BIN HASIM | E80: MK TD - CWG P&P | F80: PEGAWAI BELANJA MENGURUS | G80: AYAM | H80: P3011348 | I80: - | AA80: 013-2550455 | AB80: L
A81: 77 | B81: 3013679 | C81: KAPT | D81: NUR AMERUL BIN ALIAS | E81: MK BGD KE-13 INF | F81: PS 2 KEWANGAN | G81: KAMBING | H81: P3013679 | I81: - | AA81: 014-6698196 | AB81: L
A82: 78 | B82: 7517972 | C82: KAPT | D82: HASRULLIZA BTE ABD HALIM | E82: MK TD - OPLAT | F82: PS 2 BELANJAWAN (B) | G82: IKAN | H82: P7517972 | I82: MEJ MOHD FAUDZI BIN CHE HASHIM | J82: DAGING | AA82: 019-2327209 | AB82: P
A83: 79 | B83: 3014047 | C83: KAPT | D83: MOHAMAD SHAFIQ BIN RAMZAN | E83: MK 1 BGD | F83: PS 2 GAJI | G83: AYAM | H83: P3014047 | I83: - | AA83: 019-7034047 | AB83: L
A84: 80 | B84: 3007758 | C84: KAPT | D84: MOHD IRWANDY BIN ABDUL RAHIM | E84: MATM-BPKP | F84: PS 3 KEWANGAN | G84: DAGING | H84: P3007758 | I84: - | AA84: 019-7717758 | AB84: L
A85: 81 | B85: 3009507 | C85: KAPT | D85: NOOR ERMA SUZIANA BTE ABD MALIK | E85: MK 4 DIV | F85: PS 3 BELANJAWAN | G85: KAMBING | H85: P3009507 | I85: - | AA85: 013-3339587 | AB85: P
A86: 82 | B86: 3009538 | C86: KAPT | D86: SELIA ANAK LISA | E86: MK GAR TERENDAK | F86: PEG GAJI | G86: IKAN | H86: P3009538 | I86: - | AA86: 019-8849538 | AB86: P
A87: 83 | B87: 3012078 | C87: KAPT | D87: HANAN BINTI BAHAROM | E87: MK 9 BGD | F87: PS 3 BELANJAWAN | G87: IKAN | H87: P3012078 | I87: - | K87: PINDA - HADIR (LATEST) | AA87: 010-4052209 | AB87: P
A88: 84 | B88: 3012481 | C88: KAPT | D88: MOHAMAD A'RIF BIN MOHAMED NOR | E88: 91 RSD | F88: PEG GAJI | G88: DAGING | H88: P3012481 | I88: - | AA88: 017-8919503 | AB88: L
A89: 85 | B89: 3012926 | C89: KAPT | D89: ISMAH RASYIDAH BINTI MANSOR | E89: BPA - UGAT | F89: PS 3 AKAUN LLP | G89: DAGING | H89: P3012926 | I89: - | AA89: 014-8289819 | AB89: P
A90: 86 | B90: 3013038 | C90: KAPT | D90: MUHAMMAD SYAZWAN BIN SAZALI | E90: KEM MK PMBTD | F90: PEG GAJI | G90: DAGING | H90: P3013038 | I90: MAHFUZAH BINTI ABD GANI | J90: AYAM | AA90: 019-2583495 | AB90: L
A91: 87 | B91: 3013044 | C91: KAPT | D91: MUHAMMAD ZAMIR BIN ROSLAN | E91: BPA - UGAT | F91: PS 3 KOMPUTER (TEKNIKAL) | G91: DAGING | H91: P3013044 | I91: - | AA91: 019-4197344 | AB91: L
A92: 88 | B92: 3013049 | C92: KAPT | D92: NOOR AZITA BINTI MUSA | E92: TUDM SUBANG | F92: PEG GAJI | G92: IKAN | H92: P3013049 | I92: KAPT MUHAMMAD AFIQ BIN ALIAS BHAROM | J92: KAMBING | AA92: 013-3443049 | AB92: P
A93: 89 | B93: 3013051 | C93: KAPT | D93: NOR AYUNI BINTI BAHARON | E93: MATM - BPK | F93: PS 3 BELANJAWAN | G93: AYAM | H93: P3013051 | I93: - | AA93: 017-9226742 | AB93: P
A94: 90 | B94: 3013250 | C94: KAPT | D94: ADAM BIN YUSOH | E94: BPA - UGAT | F94: PS 3 KOORDINASI | G94: KAMBING | H94: P3013250 | I94: - | AA94: 013-3740501 | AB94: L
A95: 91 | B95: 3013384 | C95: KAPT | D95: MUHAMMAD AFIFFUDDIN BIN MOHD YUSOP | E95: BPA - UGAT | F95: PS 3 LATIH | G95: IKAN | H95: P3013384 | I95: PN HAZIATHUL FITRA BINTI HUSIEN | J95: AYAM | AA95: 019-3246311 | AB95: L
A96: 92 | B96: 3013408 | C96: KAPT | D96: MUHAMMAD FARRIS SYAZA BIN ZAMRI | E96: REJ 881 PUTD | F96: PEN JURUTERBANG TP UDARA A | G96: IKAN | H96: P3013408 | I96: PN FATHIN HUSNA BINTI HAMZAH | J96: IKAN | AA96: 019-5503880 | AB96: L
A97: 93 | B97: 3013482 | C97: KAPT | D97: NUR SHARMIZA BINTI NAZURI | E97: MK PMBTD | F97: PS 3 BELANJAWAN | G97: KAMBING | H97: P3013482 | I97: - | AA97: 011-28095487 | AB97: P
A98: 94 | B98: 3013488 | C98: KAPT | D98: NURUL AFIQAH BINTI KAMARUDIN | E98: PULPAK | F98: PEG GAJI | G98: KAMBING | H98: P3013488 | I98: - | AA98: 013-3737358 | AB98: P
A99: 95 | B99: 3013627 | C99: KAPT | D99: WILFRED BIN SEMUIL | E99: MK BGD KE-13 INF | F99: PS 3 GAJI | G99: KAMBING | H99: P3013627 | I99: - | AA99: 013-8868030 | AB99: L
A100: 96 | B100: 3013754 | C100: KAPT | D100: KOSHILA A/P APPLANNAIDOO | E100: MK TD - BPS | F100: PS 3 BELANJAWAN | G100: IKAN | H100: P3013754 | I100: - | AA100: 011 - 19723291 | AB100: P
A101: 97 | B101: 3013928 | C101: KAPT | D101: NURFARAHIN BINTI MOHD MOKHTAR | E101: REJ 515 AW | F101: PEG GAJI | G101: KAMBING | H101: P3013928 | I101: KAPT AZZRUL HAFIEZ BIN HUSSIN | AA101: 013-2480394 | AB101: P
...

Sheet Sheet2
A1: BIL | B1: NO TEN | C1: NO TEN | D1: PKT | E1: NAMA PENUH | F1: PASUKAN | G1: JAWATAN | H1: MENU
A2: 1 | B2: 3004463 | C2: 3004463 | D2: BRIG JEN | E2: ZAMZURI BIN HARUN | F2: BPA - UGAT | G2: PENGARAH | H2: DAGING | X2: 0126210046 / 0129210046 | Y2: L
A3: 2 | B3: 3003652 | C3: 3003652 | D3: BRIG JEN | E3: AZAMAN BIN JAAFAR | F3: MK TD - CWG P&P | G3: KETUA PENGARAH BELANJAWAN | H3: KAMBING | X3: 012-2442182 | Y3: L
A4: 3 | B4: 3005059 | C4: 3005059 | D4: KOL | E4: ZULKIFLE BIN HASHIM | F4: MK TD - CSM | G4: PENGARAH BELANJAWAN | H4: DAGING | X4: 012-6636811 | Y4: L
A5: 4 | B5: 3005715 | C5: 3005715 | D5: KOL | E5: MOHD LUTPI TAUFIK BIN CHE MAT MIN | F5: BPA - UGAT | G5: TIMB PENGARAH | H5: KAMBING | X5: 012-3996017 | Y5: L
A6: 5 | B6: 3005397 | C6: 3005397 | D6: LT KOL | E6: NORAZILENA BINTI MOHAMAD NOR | F6: MK TD - CWG P&P | G6: PS 1 KEWANGAN | H6: KAMBING | X6: 012-6393950 | Y6: P
A7: 6 | B7: 3006393 | C7: 3006393 | D7: LT KOL | E7: JAMAL BIN SAPRI | F7: MK PMBTD | G7: PS 1 BELANJAWAN | H7: KAMBING | X7: 019-2364654 | Y7: L
A8: 7 | B8: 3006672 | C8: 3006672 | D8: LT KOL | E8: AZARUL AZUAN BIN ABDULLAH | F8: MK ATM - SEK | G8: PS 1 KEWANGAN | H8: KAMBING | X8: 012-2886720 | Y8: L
A9: 8 | B9: 3006696 | C9: 3006696 | D9: LT KOL | E9: MOHD AZIZAN BIN MUSTAPHA | F9: MK PLDTD | G9: PS 1 BELANJAWAN | H9: DAGING | X9: 013-9837644 | Y9: L
A10: 9 | B10: 3007255 | C10: 3007255 | D10: LT KOL | E10: AZHAR BIN AHMAD | F10: BPA - UGAT | G10: PS 1 TURUS | H10: IKAN | X10: 019-9157255 | Y10: L
A11: 10 | B11: 3009651 | C11: 3009651 | D11: LT KOL | E11: MOHD AZIZI BIN AHMAD | F11: MK PMTTD | G11: PS 1 BELANJAWAN | H11: IKAN | X11: 012-6636811 | Y11: L
A12: 11 | B12: 3007529 | C12: 3007529 | D12: LT KOL | E12: IZWAN BIN ISMAIL | F12: MK TD - CSM | G12: PS 1 KEWANGAN | H12: DAGING | X12: 019-3597529 | Y12: L
A13: 12 | B13: 3010189 | C13: 3010189 | D13: LT KOL | E13: ZULKARNAIN BIN YUSUF | F13: BADSA | G13: KETUA AUDIT BERSAMA | H13: DAGING | X13: 012-3390189 | Y13: L
... A161: 160 | B161: 7539373 | C161: 7539373 | D161: LT M | E161: RAIZARUL AZFAR BIN RUSLAN | F161: 19 RAMD (MEK) | G161: PEG GAJI | H161: DAGING | X161: 017-5242406 | Y161: L
A162: 161 | B162: P3006393 | C162: 3006393 | E162: DR SALIMAH BINTI HJ OTHMAN | H162: IKAN
A163: 162 | B163: P3010206 | C163: 3010206 | E163: EN MOHAMAD JOHARI BIN ISMAIL | H163: DAGING
A164: 163 | B164: P3015874 | C164: 3015874 | E164: KAPT ASHOKAN A/L NACHIMUTHU (3015363) | H164: AYAM
A165: 164 | B165: P3013928 | C165: 3013928 | E165: KAPT AZZRUL HAFIEZ BIN HUSSIN
A166: 165 | B166: P3013049 | C166: 3013049 | E166: KAPT MUHAMMAD AFIQ BIN ALIAS BHAROM | H166: KAMBING
A167: 166 | B167: P7520874 | C167: 7520874 | E167: KAPT MUHAMMAD HANIS BIN ABDUL TUDM | H167: DAGING
A168: 167 | B168: P3013954 | C168: 3013954 | E168: KAPT NOORMAS AIMAN BIN NOOR RIZAN | H168: IKAN
A169: 168 | B169: P7510166 | C169: 7510166 | E169: KAPT NOR NIZAMIAH BINTI OTHMAN | H169: DAGING
A170: 169 | B170: P7526905 | C170: 7526905 | E170: KAPT NURFARAHIN BINTI MOHD MOKHTAR
A171: 170 | B171: P7533192 | C171: 7533192 | E171: KAPT SANUSI - UGAT
A172: 171 | B172: P7538359 | C172: 7538359 | E172: LT MOHAMAD DARWIS AIMAN BIN SAHI SULTAN | H172: DAGING
A173: 172 | B173: P3014790 | C173: 3014790 | E173: LT SITI NURAISYAH BINTI SIDEK (7533192)
A174: 173 | B174: P3013038 | C174: 3013038 | E174: MAHFUZAH BINTI ABD GANI | H174: AYAM
A175: 174 | B175: P3010287 | C175: 3010287 | E175: MEJ AIZAT (KOMPUTER)
A176: 175 | B176: P3009717 | C176: 3009717 | E176: MEJ AZHARI BIN CHE RUS
A177: 176 | B177: P3006810 | C177: 3006810 | E177: MEJ JUHAIRI RAFHAN BIN JASMANI (3006807)
A178: 177 | B178: P3011701 | C178: 3011701 | E178: MEJ MAIZIATUL LIYANA (GAJI)
A179: 178 | B179: P3006807 | C179: 3006807 | E179: MEJ MAZIAH BTE ABDUL MANAF
A180: 179 | B180: P7517972 | C180: 7517972 | E180: MEJ MOHD FAUDZI BIN CHE HASHIM | H180: DAGING
A181: 180 | B181: P3012281 | C181: 3012281 | E181: MEJ MUHAMMAD AIZAT BIN ABDUL RAHIM (3011455) | H181: IKAN
A182: 181 | B182: P3009154 | C182: 3009154 | E182: MEJ NORAFLINA BINTI MOHD ANUAR
A183: 182 | B183: P7526077 | C183: 7526077 | E183: MEJ NURAKMAL BIN HASSAN | H183: DAGING
A184: 183 | B184: P3010205 | C184: 3010205 | E184: MEJ SHAHFIZAL BIN KHAIRUDIN | H184: KAMBING
A185: 184 | B185: P3016919 | C185: 3016919 | E185: MUHAMMAD EMIR DANIAL BIN MUHD BAHARUDDIN | H185: KAMBING
A186: 185 | B186: P7520898 | C186: 7520898 | E186: MUHAMMAD IHSAN BIN MOHD ZAINUDDIN | H186: KAMBING
A187: 186 | B187: P3016936 | C187: 3016936 | E187: PN AINNURNADHIRAH BINTI ABDUL SAMAD | H187: IKAN
A188: 187 | B188: P3003652 | C188: 3003652 | E188: PN ARDINA SURIA BTE ABU BAKAR | H188: DAGING
A189: 188 | B189: P3008035 | C189: 3008035 | E189: PN AZRINA BINTI MOHAMAD HEPNI | H189: AYAM
A190: 189 | B190: P3007255 | C190: 3007255 | E190: PN FADHILAH BINTI AHMAD | H190: AYAM
A191: 190 | B191: P3013408 | C191: 3013408 | E191: PN FATHIN HUSNA BINTI HAMZAH | H191: IKAN
A192: 191 | B192: P3010901 | C192: 3010901 | E192: PN HAFIZAH BINTI MAHAMAD NAWAWI | H192: DAGING
A193: 192 | B193: P3011636 | C193: 3011636 | E193: PN HANA RAFIDAH BINTI HASHIM | H193: KAMBING
A194: 193 | B194: P3013384 | C194: 3013384 | E194: PN HAZIATHUL FITRA BINTI HUSIEN | H194: AYAM
... A223: 222 | B223: P3006696 | C223: 3006696 | E223: PUAN ROHAYU BINTI IBRAHIM | H223: IKAN

Sheet LIST BY MEJA
B2: SENARAI NAMA MENGIKUT MEJA (VIP)
B4: BIL | C4: NAMA | D4: MENU | E4: KERUSI
B5: 1 | C5: =VLOOKUP(E5,'LIST KEHADIRAN'!A:H,5,FALSE) -> MEJ JEN ROBAÍ BIN RAHMAT | D5: =VLOOKUP(E5,'LIST KEHADIRAN'!A:H,8,FALSE) -> IKAN | E5: 1
B6: 2 | C6: =VLOOKUP(E6,'LIST KEHADIRAN'!A:H,5,FALSE) -> PN ZUZANAH BTE ALI | D6: =VLOOKUP(E6,'LIST KEHADIRAN'!A:H,8,FALSE) -> DAGING | E6: 2
B7: 3 | C7: =VLOOKUP(E7,'LIST KEHADIRAN'!A:H,5,FALSE) -> BRIG JEN ZAMZURI BIN HARUN | D7: =VLOOKUP(E7,'LIST KEHADIRAN'!A:H,8,FALSE) -> DAGING | E7: 3
B8: 4 | C8: =VLOOKUP(E8,'LIST KEHADIRAN'!A:H,5,FALSE) -> PN ZURYATI BINTI ZULKIFLI | D8: =VLOOKUP(E8,'LIST KEHADIRAN'!A:H,8,FALSE) -> AYAM | E8: 4
B9: 5 | C9: =VLOOKUP(E9,'LIST KEHADIRAN'!A:H,5,FALSE) -> BRIG JEN AZAMAN BIN JAAFAR | D9: =VLOOKUP(E9,'LIST KEHADIRAN'!A:H,8,FALSE) -> KAMBING | E9: 5
B10: 6 | C10: =VLOOKUP(E10,'LIST KEHADIRAN'!A:H,5,FALSE) -> PN ARDINA SURIA BTE ABU BAKAR | D10: =VLOOKUP(E10,'LIST KEHADIRAN'!A:H,8,FALSE) -> DAGING | E10: 6
B11: 7 | C11: =VLOOKUP(E11,'LIST KEHADIRAN'!A:H,5,FALSE) -> KOL MOHD LUTPI TAUFIK BIN CHE MAT MIN | D11: =VLOOKUP(E11,'LIST KEHADIRAN'!A:H,8,FALSE) -> KAMBING | E11: 7
B12: 8 | C12: =VLOOKUP(E12,'LIST KEHADIRAN'!A:H,5,FALSE) -> PN TENGKU ASMA IZANI BINTI DATO’ TENGKU AZIZ | D12: =VLOOKUP(E12,'LIST KEHADIRAN'!A:H,8,FALSE) -> IKAN | E12: 8
B13: 9 | C13: =VLOOKUP(E13,'LIST KEHADIRAN'!A:H,5,FALSE) -> KOL ZULKIFLE BIN HASHIM | D13: =VLOOKUP(E13,'LIST KEHADIRAN'!A:H,8,FALSE) -> DAGING | E13: 9
B14: 10 | C14: =VLOOKUP(E14,'LIST KEHADIRAN'!A:H,5,FALSE) -> PN RAHIMAH BINTI ALAM SAH | D14: =VLOOKUP(E14,'LIST KEHADIRAN'!A:H,8,FALSE) -> DAGING | E14: 10
B15: 11 | C15: =VLOOKUP(E15,'LIST KEHADIRAN'!A:H,5,FALSE) -> LT KOL AZHAR BIN AHMAD | D15: =VLOOKUP(E15,'LIST KEHADIRAN'!A:H,8,FALSE) -> IKAN | E15: 11
B16: 12 | C16: =VLOOKUP(E16,'LIST KEHADIRAN'!A:H,5,FALSE) -> PN FADHILAH BINTI AHMAD | D16: =VLOOKUP(E16,'LIST KEHADIRAN'!A:H,8,FALSE) -> AYAM | E16: 12
B18: SENARAI NAMA MENGIKUT MEJA (A)
B20: BIL | C20: NAMA | D20: MENU | E20: KERUSI
B21: 1 | C21: =VLOOKUP(E21,'LIST KEHADIRAN'!A:H,5,FALSE) -> MEJ ROSMAZIA BTE MUSTAPHA | D21: =VLOOKUP(E21,'LIST KEHADIRAN'!A:H,8,FALSE) -> IKAN | E21: AR1
B22: 2 | C22: =VLOOKUP(E22,'LIST KEHADIRAN'!A:H,5,FALSE) -> MEJ KU NORAZLINI BTE MOHD ALI | D22: =VLOOKUP(E22,'LIST KEHADIRAN'!A:H,8,FALSE) -> IKAN | E22: AR2
B23: 3 | C23: =VLOOKUP(E23,'LIST KEHADIRAN'!A:H,5,FALSE) -> MEJ NATASYA AINI BTE OSMAN | D23: =VLOOKUP(E23,'LIST KEHADIRAN'!A:H,8,FALSE) -> DAGING | E23: AR3
B24: 4 | C24: =VLOOKUP(E24,'LIST KEHADIRAN'!A:H,5,FALSE) -> KAPT NUR DIYANA BTE CHE OMAR | D24: =VLOOKUP(E24,'LIST KEHADIRAN'!A:H,8,FALSE) -> KAMBING | E24: AR4
B25: 5 | C25: =VLOOKUP(E25,'LIST KEHADIRAN'!A:H,5,FALSE) -> KAPT SUNAINI BINTI MOHD ALI | D25: =VLOOKUP(E25,'LIST KEHADIRAN'!A:H,8,FALSE) -> AYAM | E25: AR5
B26: 6 | C26: =VLOOKUP(E26,'LIST KEHADIRAN'!A:H,5,FALSE) -> KAPT NUR IZZATI BINTI ZAIDEL | D26: =VLOOKUP(E26,'LIST KEHADIRAN'!A:H,8,FALSE) -> DAGING | E26: AR6
B27: 7 | C27: =VLOOKUP(E27,'LIST KEHADIRAN'!A:H,5,FALSE) -> MEJ MUHAMMAD AIZAT BIN ABDUL RAHIM | D27: =VLOOKUP(E27,'LIST KEHADIRAN'!A:H,8,FALSE) -> IKAN | E27: AR7
B28: 8 | C28: =VLOOKUP(E28,'LIST KEHADIRAN'!A:H,5,FALSE) -> KAPT MOHAMAD A'RIF BIN MOHAMED NOR | D28: =VLOOKUP(E28,'LIST KEHADIRAN'!A:H,8,FALSE) -> DAGING | E28: AR8
B29: 9 | C29: =VLOOKUP(E29,'LIST KEHADIRAN'!A:H,5,FALSE) -> #N/A | D29: =VLOOKUP(E29,'LIST KEHADIRAN'!A:H,8,FALSE) -> #N/A | E29: AR9
B30: 10 | C30: =VLOOKUP(E30,'LIST KEHADIRAN'!A:H,5,FALSE) -> #N/A | D30: =VLOOKUP(E30,'LIST KEHADIRAN'!A:H,8,FALSE) -> #N/A | E30: AR10
B31: 11 | C31: =VLOOKUP(E31,'LIST KEHADIRAN'!A:H,5,FALSE) -> #N/A | D31: =VLOOKUP(E31,'LIST KEHADIRAN'!A:H,8,FALSE) -> #N/A | E31: AR11
B32: 12 | C32: =VLOOKUP(E32,'LIST KEHADIRAN'!A:H,5,FALSE) -> LT SYED UMAR BIN SYED KHAIRULAMAN BENYAHYA | D32: =VLOOKUP(E32,'LIST KEHADIRAN'!A:H,8,FALSE) -> AYAM | E32: AR12
... B58: 46 | C58: =VLOOKUP(E58,'LIST KEHADIRAN'!A:H,5,FALSE) -> #N/A | D58: =VLOOKUP(E58,'LIST KEHADIRAN'!A:H,8,FALSE) -> #N/A | E58: AL19
B61: SENARAI NAMA MENGIKUT MEJA (B)
B63: BIL | C63: NAMA | D63: MENU | E63: KERUSI
B64: 1 | C64: =VLOOKUP(E64,'LIST KEHADIRAN'!A:H,5,FALSE) -> LT KOL JAMAL BIN SAPRI | D64: =VLOOKUP(E64,'LIST KEHADIRAN'!A:H,8,FALSE) -> KAMBING | E64: BR1
B65: 2 | C65: =VLOOKUP(E65,'LIST KEHADIRAN'!A:H,5,FALSE) -> DR SALIMAH BINTI HJ OTHMAN | D65: =VLOOKUP(E65,'LIST KEHADIRAN'!A:H,8,FALSE) -> IKAN | E65: BR2
B66: 3 | C66: =VLOOKUP(E66,'LIST KEHADIRAN'!A:H,5,FALSE) -> MEJ YUSRI BIN DARUS | D66: =VLOOKUP(E66,'LIST KEHADIRAN'!A:H,8,FALSE) -> DAGING | E66: BR3
B67: 4 | C67: =VLOOKUP(E67,'LIST KEHADIRAN'!A:H,5,FALSE) -> MEJ JUHAIRI RAFHAN BIN JASMANI | D67: =VLOOKUP(E67,'LIST KEHADIRAN'!A:H,8,FALSE) -> KAMBING | E67: BR4
B68: 5 | C68: =VLOOKUP(E68,'LIST KEHADIRAN'!A:H,5,FALSE) -> MEJ MAZIAH BTE ABDUL MANAF | D68: =VLOOKUP(E68,'LIST KEHADIRAN'!A:H,8,FALSE) -> DAGING | E68: BR5
B69: 6 | C69: =VLOOKUP(E69,'LIST KEHADIRAN'!A:H,5,FALSE) -> KAPT NOOR ERMA SUZIANA BTE ABD MALIK | D69: =VLOOKUP(E69,'LIST KEHADIRAN'!A:H,8,FALSE) -> KAMBING | E69: BR6
B70: 7 | C70: =VLOOKUP(E70,'LIST KEHADIRAN'!A:H,5,FALSE) -> KAPT SELIA ANAK LISA | D70: =VLOOKUP(E70,'LIST KEHADIRAN'!A:H,8,FALSE) -> IKAN | E70: BR7
B71: 8 | C71: =VLOOKUP(E71,'LIST KEHADIRAN'!A:H,5,FALSE) -> #N/A | D71: =VLOOKUP(E71,'LIST KEHADIRAN'!A:H,8,FALSE) -> #N/A | E71: BR8
B72: 9 | C72: =VLOOKUP(E72,'LIST KEHADIRAN'!A:H,5,FALSE) -> #N/A | D72: =VLOOKUP(E72,'LIST KEHADIRAN'!A:H,8,FALSE) -> #N/A | E72: BR9
B73: 10 | C73: =VLOOKUP(E73,'LIST KEHADIRAN'!A:H,5,FALSE) -> #N/A | D73: =VLOOKUP(E73,'LIST KEHADIRAN'!A:H,8,FALSE) -> #N/A | E73: BR10
B74: 11 | C74: =VLOOKUP(E74,'LIST KEHADIRAN'!A:H,5,FALSE) -> #N/A | D74: =VLOOKUP(E74,'LIST KEHADIRAN'!A:H,8,FALSE) -> #N/A | E74: BR11
B75: 12 | C75: =VLOOKUP(E75,'LIST KEHADIRAN'!A:H,5,FALSE) -> #N/A | D75: =VLOOKUP(E75,'LIST KEHADIRAN'!A:H,8,FALSE) -> #N/A | E75: BR12
... B101: 46 | C101: =VLOOKUP(E101,'LIST KEHADIRAN'!A:H,5,FALSE) -> #N/A | D101: =VLOOKUP(E101,'LIST KEHADIRAN'!A:H,8,FALSE) -> #N/A | E101: BL19
B104: SENARAI NAMA MENGIKUT MEJA (C)
B106: BIL | C106: NAMA | D106: MENU | E106: KERUSI
B107: 1 | C107: =VLOOKUP(E107,'LIST KEHADIRAN'!A:H,5,FALSE) -> LT KOL AZIZUL RAHMAN BIN GHAZALI | D107: =VLOOKUP(E107,'LIST KEHADIRAN'!A:H,8,FALSE) -> DAGING | E107: CR1
B108: 2 | C108: =VLOOKUP(E108,'LIST KEHADIRAN'!A:H,5,FALSE) -> MEJ SABARINA BINTI JAYA (BERSARA) | D108: =VLOOKUP(E108,'LIST KEHADIRAN'!A:H,8,FALSE) -> AYAM | E108: CR2
B109: 3 | C109: =VLOOKUP(E109,'LIST KEHADIRAN'!A:H,5,FALSE) -> PN NORZURA BTE MOHAMED | D109: =VLOOKUP(E109,'LIST KEHADIRAN'!A:H,8,FALSE) -> DAGING | E109: CR3
B110: 4 | C110: =VLOOKUP(E110,'LIST KEHADIRAN'!A:H,5,FALSE) -> LT KOL NORDIN BIN AWANG | D110: =VLOOKUP(E110,'LIST KEHADIRAN'!A:H,8,FALSE) -> DAGING | E110: CR4
B111: 5 | C111: =VLOOKUP(E111,'LIST KEHADIRAN'!A:H,5,FALSE) -> LT KOL ANTHONY AK UNGOP | D111: =VLOOKUP(E111,'LIST KEHADIRAN'!A:H,8,FALSE) -> AYAM | E111: CR5
B112: 6 | C112: =VLOOKUP(E112,'LIST KEHADIRAN'!A:H,5,FALSE) -> MEJ MOHAMAD HAZRI BIN HAMZAH | D112: =VLOOKUP(E112,'LIST KEHADIRAN'!A:H,8,FALSE) -> IKAN | E112: CR6
B113: 7 | C113: =VLOOKUP(E113,'LIST KEHADIRAN'!A:H,5,FALSE) -> PN AZRINA BINTI MOHAMAD HEPNI | D113: =VLOOKUP(E113,'LIST KEHADIRAN'!A:H,8,FALSE) -> AYAM | E113: CR7
B114: 8 | C114: =VLOOKUP(E114,'LIST KEHADIRAN'!A:H,5,FALSE) -> KAPT HASRULLIZA BTE ABD HALIM | D114: =VLOOKUP(E114,'LIST KEHADIRAN'!A:H,8,FALSE) -> IKAN | E114: CR8
B115: 9 | C115: =VLOOKUP(E115,'LIST KEHADIRAN'!A:H,5,FALSE) -> MEJ MOHD FAUDZI BIN CHE HASHIM | D115: =VLOOKUP(E115,'LIST KEHADIRAN'!A:H,8,FALSE) -> DAGING | E115: CR9
B116: 10 | C116: =VLOOKUP(E116,'LIST KEHADIRAN'!A:H,5,FALSE) -> KAPT MOHD IRWANDY BIN ABDUL RAHIM | D116: =VLOOKUP(E116,'LIST KEHADIRAN'!A:H,8,FALSE) -> DAGING | E116: CR10
B117: 11 | C117: =VLOOKUP(E117,'LIST KEHADIRAN'!A:H,5,FALSE) -> KAPT SANUSI BIN MOHD NOOR | D117: =VLOOKUP(E117,'LIST KEHADIRAN'!A:H,8,FALSE) -> IKAN | E117: CR11
B118: 12 | C118: =VLOOKUP(E118,'LIST KEHADIRAN'!A:H,5,FALSE) -> LT SITI NURAISYAH BINTI MD SIDEK | D118: =VLOOKUP(E118,'LIST KEHADIRAN'!A:H,8,FALSE) -> IKAN | E118: CR12
... B144: 46 | C144: =VLOOKUP(E144,'LIST KEHADIRAN'!A:H,5,FALSE) -> #N/A | D144: =VLOOKUP(E144,'LIST KEHADIRAN'!A:H,8,FALSE) -> #N/A | E144: CL19
B147: SENARAI NAMA MENGIKUT MEJA (D)
B149: BIL | C149: NAMA | D149: MENU | E149: KERUSI
B150: 1 | C150: =VLOOKUP(E150,'LIST KEHADIRAN'!A:H,5,FALSE) -> LT KOL AHMAD FADZIL BIN HASSAN | D150: =VLOOKUP(E150,'LIST KEHADIRAN'!A:H,8,FALSE) -> AYAM | E150: DR1
B151: 2 | C151: =VLOOKUP(E151,'LIST KEHADIRAN'!A:H,5,FALSE) -> PN NORDIANA BINTI MOHAMED ALIAS | D151: =VLOOKUP(E151,'LIST KEHADIRAN'!A:H,8,FALSE) -> DAGING | E151: DR2
B152: 3 | C152: =VLOOKUP(E152,'LIST KEHADIRAN'!A:H,5,FALSE) -> PN SHARINA YUSNEEN BINTI KAMARUDDIN | D152: =VLOOKUP(E152,'LIST KEHADIRAN'!A:H,8,FALSE) -> DAGING | E152: DR3
B153: 4 | C153: =VLOOKUP(E153,'LIST KEHADIRAN'!A:H,5,FALSE) -> LT KOL IZWAN BIN ISMAIL | D153: =VLOOKUP(E153,'LIST KEHADIRAN'!A:H,8,FALSE) -> DAGING | E153: DR4
B154: 5 | C154: =VLOOKUP(E154,'LIST KEHADIRAN'!A:H,5,FALSE) -> PUAN NORZILA BINTI ABDUL GHANI | D154: =VLOOKUP(E154,'LIST KEHADIRAN'!A:H,8,FALSE) -> IKAN | E154: DR5
B155: 6 | C155: =VLOOKUP(E155,'LIST KEHADIRAN'!A:H,5,FALSE) -> MEJ MOHD ABD HAFIZ BIN MOHD NAZRI | D155: =VLOOKUP(E155,'LIST KEHADIRAN'!A:H,8,FALSE) -> DAGING | E155: DR6
B156: 7 | C156: =VLOOKUP(E156,'LIST KEHADIRAN'!A:H,5,FALSE) -> KAPT ADAM BIN YUSOH | D156: =VLOOKUP(E156,'LIST KEHADIRAN'!A:H,8,FALSE) -> KAMBING | E156: DR7
B157: 8 | C157: =VLOOKUP(E157,'LIST KEHADIRAN'!A:H,5,FALSE) -> KAPT MUHAMMAD AFIFFUDDIN BIN MOHD YUSOP | D157: =VLOOKUP(E157,'LIST KEHADIRAN'!A:H,8,FALSE) -> IKAN | E157: DR8
B158: 9 | C158: =VLOOKUP(E158,'LIST KEHADIRAN'!A:H,5,FALSE) -> PN HAZIATHUL FITRA BINTI HUSIEN | D158: =VLOOKUP(E158,'LIST KEHADIRAN'!A:H,8,FALSE) -> AYAM | E158: DR9
B159: 10 | C159: =VLOOKUP(E159,'LIST KEHADIRAN'!A:H,5,FALSE) -> PN FATHIN HUSNA BINTI HAMZAH | D159: =VLOOKUP(E159,'LIST KEHADIRAN'!A:H,8,FALSE) -> IKAN | E159: DR10
B160: 11 | C160: =VLOOKUP(E160,'LIST KEHADIRAN'!A:H,5,FALSE) -> KAPT MUHAMMAD FARRIS SYAZA BIN ZAMRI | D160: =VLOOKUP(E160,'LIST KEHADIRAN'!A:H,8,FALSE) -> IKAN | E160: DR11
B161: 12 | C161: =VLOOKUP(E161,'LIST KEHADIRAN'!A:H,5,FALSE) -> KAPT AZZRUL HAFIEZ BIN HUSIN | D161: =VLOOKUP(E161,'LIST KEHADIRAN'!A:H,8,FALSE) -> DAGING | E161: DR12
... B187: 46 | C187: =VLOOKUP(E187,'LIST KEHADIRAN'!A:H,5,FALSE) -> #N/A | D187: =VLOOKUP(E187,'LIST KEHADIRAN'!A:H,8,FALSE) -> #N/A | E187: DL19
B190: SENARAI NAMA MENGIKUT MEJA (E)
B192: BIL | C192: NAMA | D192: MENU | E192: KERUSI
B193: 1 | C193: =VLOOKUP(E193,'LIST KEHADIRAN'!A:H,5,FALSE) -> LT KOL MOHD AZIZAN BIN MUSTAPHA | D193: =VLOOKUP(E193,'LIST KEHADIRAN'!A:H,8,FALSE) -> DAGING | E193: ER1
B194: 2 | C194: =VLOOKUP(E194,'LIST KEHADIRAN'!A:H,5,FALSE) -> PUAN ROHAYU BINTI IBRAHIM | D194: =VLOOKUP(E194,'LIST KEHADIRAN'!A:H,8,FALSE) -> IKAN | E194: ER2
B195: 3 | C195: =VLOOKUP(E195,'LIST KEHADIRAN'!A:H,5,FALSE) -> MEJ JUNITA ADLINA BTE HADLIN | D195: =VLOOKUP(E195,'LIST KEHADIRAN'!A:H,8,FALSE) -> AYAM | E195: ER3
B196: 4 | C196: =VLOOKUP(E196,'LIST KEHADIRAN'!A:H,5,FALSE) -> MEJ ROSLIZA BTE ARIFIN | D196: =VLOOKUP(E196,'LIST KEHADIRAN'!A:H,8,FALSE) -> IKAN | E196: ER4
B197: 5 | C197: =VLOOKUP(E197,'LIST KEHADIRAN'!A:H,5,FALSE) -> MEJ NORHAFIFAH BTE MAJID | D197: =VLOOKUP(E197,'LIST KEHADIRAN'!A:H,8,FALSE) -> IKAN | E197: ER5
B198: 6 | C198: =VLOOKUP(E198,'LIST KEHADIRAN'!A:H,5,FALSE) -> MEJ MOHD WAIZ LUTFI BIN ABD LATIF | D198: =VLOOKUP(E198,'LIST KEHADIRAN'!A:H,8,FALSE) -> DAGING | E198: ER6
B199: 7 | C199: =VLOOKUP(E199,'LIST KEHADIRAN'!A:H,5,FALSE) -> MEJ MOHAMMAD NAJIB BIN ZAKARIA | D199: =VLOOKUP(E199,'LIST KEHADIRAN'!A:H,8,FALSE) -> KAMBING | E199: ER7
B200: 8 | C200: =VLOOKUP(E200,'LIST KEHADIRAN'!A:H,5,FALSE) -> KAPT MOHD AZMIL BIN BASIR | D200: =VLOOKUP(E200,'LIST KEHADIRAN'!A:H,8,FALSE) -> IKAN | E200: ER8
B201: 9 | C201: =VLOOKUP(E201,'LIST KEHADIRAN'!A:H,5,FALSE) -> KAPT MUHAMMAD HATIMTAI BIN BAHARUDIN | D201: =VLOOKUP(E201,'LIST KEHADIRAN'!A:H,8,FALSE) -> AYAM | E201: ER9
B202: 10 | C202: =VLOOKUP(E202,'LIST KEHADIRAN'!A:H,5,FALSE) -> KAPT AMIR HASRUL BIN HASIM | D202: =VLOOKUP(E202,'LIST KEHADIRAN'!A:H,8,FALSE) -> AYAM | E202: ER10
B203: 11 | C203: =VLOOKUP(E203,'LIST KEHADIRAN'!A:H,5,FALSE) -> #N/A | D203: =VLOOKUP(E203,'LIST KEHADIRAN'!A:H,8,FALSE) -> #N/A | E203: ER11
B204: 12 | C204: =VLOOKUP(E204,'LIST KEHADIRAN'!A:H,5,FALSE) -> KAPT ASHOKAN A/L NACHIMUTHU (3015363) | D204: =VLOOKUP(E204,'LIST KEHADIRAN'!A:H,8,FALSE) -> AYAM | E204: ER12
... B230: 46 | C230: =VLOOKUP(E230,'LIST KEHADIRAN'!A:H,5,FALSE) -> #N/A | D230: =VLOOKUP(E230,'LIST KEHADIRAN'!A:H,8,FALSE) -> #N/A | E230: EL19
B233: SENARAI NAMA MENGIKUT MEJA (F)
B235: BIL | C235: NAMA | D235: MENU | E235: KERUSI
B236: 1 | C236: =VLOOKUP(E236,'LIST KEHADIRAN'!A:H,5,FALSE) -> LT KOL NORAZLINA BTE IBRAHIM | D236: =VLOOKUP(E236,'LIST KEHADIRAN'!A:H,8,FALSE) -> IKAN | E236: FR1
B237: 2 | C237: =VLOOKUP(E237,'LIST KEHADIRAN'!A:H,5,FALSE) -> LT KOL ZULKARNAIN BIN YUSUF | D237: =VLOOKUP(E237,'LIST KEHADIRAN'!A:H,8,FALSE) -> DAGING | E237: FR2
B238: 3 | C238: =VLOOKUP(E238,'LIST KEHADIRAN'!A:H,5,FALSE) -> MEJ AZHARI BIN CHE RUS | D238: =VLOOKUP(E238,'LIST KEHADIRAN'!A:H,8,FALSE) -> IKAN | E238: FR3
B239: 4 | C239: =VLOOKUP(E239,'LIST KEHADIRAN'!A:H,5,FALSE) -> MEJ NORAFLINA BINTI MOHD ANUAR | D239: =VLOOKUP(E239,'LIST KEHADIRAN'!A:H,8,FALSE) -> DAGING | E239: FR4
B240: 5 | C240: =VLOOKUP(E240,'LIST KEHADIRAN'!A:H,5,FALSE) -> MEJ NURHUDA BTE AMAT PUAD | D240: =VLOOKUP(E240,'LIST KEHADIRAN'!A:H,8,FALSE) -> DAGING | E240: FR5
B241: 6 | C241: =VLOOKUP(E241,'LIST KEHADIRAN'!A:H,5,FALSE) -> MEJ AIFALINDA BTE JAMALUDIN | D241: =VLOOKUP(E241,'LIST KEHADIRAN'!A:H,8,FALSE) -> KAMBING | E241: FR6
B242: 7 | C242: =VLOOKUP(E242,'LIST KEHADIRAN'!A:H,5,FALSE) -> MEJ SAKEENAH BTE ALI BADRI | D242: =VLOOKUP(E242,'LIST KEHADIRAN'!A:H,8,FALSE) -> KAMBING | E242: FR7
B243: 8 | C243: =VLOOKUP(E243,'LIST KEHADIRAN'!A:H,5,FALSE) -> MEJ NOR AZREEN BTE ZAKARIA | D243: =VLOOKUP(E243,'LIST KEHADIRAN'!A:H,8,FALSE) -> KAMBING | E243: FR8
B244: 9 | C244: =VLOOKUP(E244,'LIST KEHADIRAN'!A:H,5,FALSE) -> MEJ MAIZATUL LIYANA BTE MOHD ZAKIDIN | D244: =VLOOKUP(E244,'LIST KEHADIRAN'!A:H,8,FALSE) -> IKAN | E244: FR9
...

Sheet LIST KEHADIRAN
B1: BIL | C1: NO TEN | D1: PKT | E1: NAMA PENUH | F1: MEJA | G1: JAWATAN | H1: MENU
A2: =F2 -> 3 | B2: 1 | C2: 3004463 | D2: BRIG JEN | E2: BRIG JEN ZAMZURI BIN HARUN | F2: 3 | G2: PENGARAH | H2: DAGING | X2: 0126210046 / 0129210046 | Y2: L
A3: =F3 -> 4 | B3: 1 | C3: P3004463 | E3: PN ZURYATI BINTI ZULKIFLI | F3: 4 | H3: AYAM | X3: 012-2442182 | Y3: L
A4: =F4 -> 5 | B4: 2 | C4: 3003652 | D4: BRIG JEN | E4: BRIG JEN AZAMAN BIN JAAFAR | F4: 5 | G4: KETUA PENGARAH BELANJAWAN | H4: KAMBING | X4: 012-6636811 | Y4: L
A5: =F5 -> 6 | B5: 2 | C5: P3003652 | E5: PN ARDINA SURIA BTE ABU BAKAR | F5: 6 | H5: DAGING | X5: 012-3996017 | Y5: L
A6: =F6 -> 7 | B6: 4 | C6: 3005715 | D6: KOL | E6: KOL MOHD LUTPI TAUFIK BIN CHE MAT MIN | F6: 7 | G6: TIMB PENGARAH | H6: KAMBING | X6: 012-6393950 | Y6: P
A7: =F7 -> 8 | B7: 4 | C7: P3005715 | E7: PN TENGKU ASMA IZANI BINTI DATO’ TENGKU AZIZ | F7: 8 | H7: IKAN | X7: 019-2364654 | Y7: L
A8: =F8 -> 9 | B8: 3 | C8: 3005059 | D8: KOL | E8: KOL ZULKIFLE BIN HASHIM | F8: 9 | G8: PENGARAH BELANJAWAN | H8: DAGING | X8: 012-2886720 | Y8: L
A9: =F9 -> 10 | B9: 3 | C9: P3005059 | E9: PN RAHIMAH BINTI ALAM SAH | F9: 10 | H9: DAGING | X9: 013-9837644 | Y9: L
A10: =F10 -> 11 | B10: 9 | C10: 3007255 | D10: LT KOL | E10: LT KOL AZHAR BIN AHMAD | F10: 11 | G10: PS 1 TURUS | H10: IKAN | X10: 019-9157255 | Y10: L
A11: =F11 -> 12 | B11: 9 | C11: P3007255 | E11: PN FADHILAH BINTI AHMAD | F11: 12 | H11: AYAM | X11: 012-6636811 | Y11: L
A12: =F12 -> AL1 | B12: 5 | C12: 3005397 | D12: LT KOL | E12: LT KOL NORAZILENA BINTI MOHAMAD NOR | F12: AL1 | G12: PS 1 KEWANGAN | H12: KAMBING | X12: 019-3597529 | Y12: L
A13: =F13 -> AL10 | B13: 55 | C13: P3010901 | E13: PN HAFIZAH BINTI MAHAMAD NAWAWI | F13: AL10 | H13: DAGING | X13: 012-3390189 | Y13: L
A14: =F14 -> AL11 | B14: 54 | C14: P3010893 | E14: PN NURSYAZWANI BINTI NAZRI | F14: AL11 | H14: AYAM | X14: 013-3866248 | Y14: P
A15: =F15 -> AL12 | B15: 54 | C15: 3010893 | D15: MEJ | E15: MEJ HASBULLAH BIN ISMAIL | F15: AL12 | G15: PS 2 GAJI & BELANJAWAN | H15: DAGING | X15: 012-6161017 | Y15: P
A16: =F16 -> AL2 | B16: 14 | C16: 3010206 | D16: LT KOL | E16: LT KOL NORSYAZURA BTE MUSA | F16: AL2 | G16: PS 1 KAJIAN | H16: DAGING | X16: 019-9369693 | Y16: L
A17: =F17 -> AL3 | B17: 14 | C17: P3010206 | E17: EN MOHAMAD JOHARI BIN ISMAIL | F17: AL3 | H17: DAGING | X17: 019-2818035 | Y17: L
A18: =F18 -> AL4 | B18: 48 | C18: 3010186 | D18: MEJ | E18: MEJ KHAIRIZAL BIN RAUOB | F18: AL4 | G18: PS 2 BELANJAWAN | H18: KAMBING | X18: 019-2773749 | Y18: L
A19: =F19 -> AL5 | B19: 27 | C19: 3007993 | D19: MEJ | E19: MEJ AHMAD LUFTI BIN BABA | F19: AL5 | G19: PS 2 TADBIR | H19: AYAM | X19: 019-2866709 | Y19: L
A20: =F20 -> AL6 | B20: 27 | C20: P3007993 | E20: PN NURUL AIN BINTI ZAKARIA | F20: AL6 | H20: IKAN | X20: 019-8157186 | Y20: L
A21: =F21 -> AL7 | B21: 57 | C21: 3011296 | D21: MEJ | E21: MEJ UMMI KALSOM BTE MOHD LIAS | F21: AL7 | G21: PS 2 PANJAR | H21: DAGING | X21: 019-3935967 | Y21: L
A22: =F22 -> AL8 | B22: 37 | C22: 3008905 | D22: MEJ | E22: MEJ HARTINI BTE MD AMIN | F22: AL8 | G22: PEMEGANG PANJAR ATM 101 | H22: IKAN | X22: 016-7795115 | Y22: L
A23: =F23 -> AL9 | B23: 55 | C23: 3010901 | D23: MEJ | E23: MEJ JAMADIL HALIM BIN AZMI BAZIR | F23: AL9 | G23: PS 2 BAYARAN | H23: KAMBING | X23: 017-4036270 | Y23: L
A24: =F24 -> AR1 | B24: 23 | C24: 3006377 | D24: MEJ | E24: MEJ ROSMAZIA BTE MUSTAPHA | F24: AR1 | G24: PS 2 GAJI | H24: IKAN | X24: 019-2703285 | Y24: P
A25: =F25 -> AR2 | B25: 24 | C25: 3006690 | D25: MEJ | E25: MEJ KU NORAZLINI BTE MOHD ALI | F25: AR2 | G25: PEGAWAI GAJI | H25: IKAN | X25: 013-3880206 | Y25: P
A26: =F26 -> AR3 | B26: 31 | C26: 3008056 | D26: MEJ | E26: MEJ NATASYA AINI BTE OSMAN | F26: AR3 | G26: PS 2 GAJI | H26: DAGING | X26: 012-3207329 | Y26: L
A27: =F27 -> AR4 | B27: 73 | C27: 3011288 | D27: KAPT | E27: KAPT NUR DIYANA BTE CHE OMAR | F27: AR4 | G27: PS 2 GAJI | H27: KAMBING | X27: 012-3290079/ 019-3356810 | Y27: P
A28: =F28 -> AR5 | B28: 74 | C28: 7518991 | D28: KAPT | E28: KAPT SUNAINI BINTI MOHD ALI | F28: AR5 | G28: PS 2 PERSONAL EMOLUMEN (PE) | H28: AYAM | X28: 013-2970933 | Y28: L
A29: =F29 -> AR6 | B29: 75 | C29: 3012281 | D29: KAPT | E29: KAPT NUR IZZATI BINTI ZAIDEL | F29: AR6 | G29: KETUA AUDIT STAR RATING | H29: DAGING | X29: 019-5819848 | Y29: L
A30: =F30 -> AR7 | B30: 75 | C30: P3012281 | E30: MEJ MUHAMMAD AIZAT BIN ABDUL RAHIM | F30: AR7 | H30: IKAN | X30: 019-9808001 | Y30: L
A31: =F31 -> AR8 | B31: 84 | C31: 3012481 | D31: KAPT | E31: KAPT MOHAMAD A'RIF BIN MOHAMED NOR | F31: AR8 | G31: PEG GAJI | H31: DAGING | X31: 012-3458032 | Y31: L
A32: =F32 -> BL1 | B32: 7 | C32: 3006672 | D32: LT KOL | E32: LT KOL AZARUL AZUAN BIN ABDULLAH | F32: BL1 | G32: PS 1 KEWANGAN | H32: KAMBING | X32: 019-2778499 | Y32: P
A33: =F33 -> BL2 | B33: 7 | C33: P3006672 | E33: PN RAPIDAH BINTI MAZLAN | F33: BL2 | H33: DAGING | X33: 012-8064838 | Y33: L
A34: =F34 -> BL3 | B34: 20 | C34: P3007228 | E34: PN ISMAWATI BTE IDRIS | F34: BL3 | H34: IKAN | X34: 012-6293911 | Y34: P
A35: =F35 -> BL4 | B35: 20 | C35: 3007228 | D35: LT KOL | E35: LT KOL NAZIRUDDIN BIN ISMAIL | F35: BL4 | G35: PS 2 PEMERIKSAAN | H35: KAMBING | X35: 012-2748747 | Y35: P
A36: =F36 -> BL5 | B36: 67 | C36: 7510166 | D36: MEJ | E36: MEJ SHAHIZAM BIN MOHD SHARIF | F36: BL5 | G36: PS 2 BELANJAWAN | H36: IKAN | X36: 019-3558476 | Y36: L
A37: =F37 -> BL6 | B37: 67 | C37: P7510166 | E37: KAPT NOR NIZAMIAH BINTI OTHMAN | F37: BL6 | H37: DAGING | X37: 019-2718508 | Y37: P
A38: =F38 -> BR1 | B38: 6 | C38: 3006393 | D38: LT KOL | E38: LT KOL JAMAL BIN SAPRI | F38: BR1 | G38: PS 1 BELANJAWAN | H38: KAMBING | X38: 019-2009985 | Y38: P
A39: =F39 -> BR2 | B39: 6 | C39: P3006393 | E39: DR SALIMAH BINTI HJ OTHMAN | F39: BR2 | H39: IKAN | X39: 019-3398922 | Y39: L
A40: =F40 -> BR3 | B40: 22 | C40: 3006374 | D40: MEJ | E40: MEJ YUSRI BIN DARUS | F40: BR3 | G40: PS 2 BELANJAWAN | H40: DAGING | X40: 013-4217171 | Y40: L
A41: =F41 -> BR4 | B41: 25 | C41: 3006807 | D41: MEJ | E41: MEJ JUHAIRI RAFHAN BIN JASMANI | F41: BR4 | G41: BENDAHARI PBAT | H41: KAMBING | X41: 012-2701267 | Y41: P
A42: =F42 -> BR4 | B42: 26 | C42: P3006810 | E42: MEJ JUHAIRI RAFHAN BIN JASMANI | F42: BR4 | H42: KAMBING | X42: 019-9740127 | Y42: P
A43: =F43 -> BR5 | B43: 25 | C43: P3006807 | E43: MEJ MAZIAH BTE ABDUL MANAF | F43: BR5 | H43: DAGING | X43: 012-5189495 | Y43: L
A44: =F44 -> BR5 | B44: 26 | C44: 3006810 | D44: MEJ | E44: MEJ MAZIAH BTE ABDUL MANAF | F44: BR5 | G44: PENGURUS WISMA | H44: DAGING | X44: 012-3239675 | Y44: L
A45: =F45 -> BR6 | B45: 81 | C45: 3009507 | D45: KAPT | E45: KAPT NOOR ERMA SUZIANA BTE ABD MALIK | F45: BR6 | G45: PS 3 BELANJAWAN | H45: KAMBING | X45: 012-3907824 | Y45: P
A46: =F46 -> BR7 | B46: 82 | C46: 3009538 | D46: KAPT | E46: KAPT SELIA ANAK LISA | F46: BR7 | G46: PEG GAJI | H46: IKAN | X46: 013-4209710 | Y46: P
A47: =F47 -> CL3 | B47: 21 | C47: 3008083 | D47: LT KOL | E47: LT KOL YOONG SOON KIONG | F47: CL3 | G47: PS 2 RANCANG A3 | H47: IKAN | X47: 013-3509940 | Y47: P
A48: =F48 -> CL4 | B48: 17 | C48: 3005934 | D48: LT KOL | E48: LT KOL ABDULLAH BIN AYOB | F48: CL4 | G48: JURULATIH KANAN | H48: KAMBING | X48: 019-5604080 | Y48: L
A49: =F49 -> CL5 | B49: 28 | C49: 3007997 | D49: MEJ | E49: MEJ ASRUL BIN BAHAR | F49: CL5 | G49: PS 2 GAJI | H49: DAGING | X49: 019-5748394 | Y49: L
A50: =F50 -> CL6 | B50: 30 | C50: 3008032 | D50: MEJ | E50: MEJ MOHD FAIZAL BIN ABDUL WAHID | F50: CL6 | G50: PEG ABM | H50: AYAM | X50: 019-3552050 | Y50: P
A51: =F51 -> CL7 | B51: 32 | C51: 3008124 | D51: MEJ | E51: MEJ MAHATHIR BIN DAUD | F51: CL7 | G51: PS 2 BELANJAWAN | H51: DAGING | X51: 012-5114620 | Y51: P
A52: =F52 -> CL8 | B52: 35 | C52: 3008476 | D52: MEJ | E52: MEJ MOHD ISHAR BIN AHMAD ROBANI | F52: CL8 | G52: PS 2 GAJI | H52: AYAM | X52: 017-6057871 | Y52: P
A53: =F53 -> CL9 | B53: 59 | C53: 3011591 | D53: MEJ | E53: MEJ MOHD FAKHRUL HADI BIN AHMAD SAMSURI | F53: CL9 | G53: PS 2 BELANJAWAN | H53: KAMBING | X53: 017-6886936 | Y53: P
A54: =F54 -> CR10 | B54: 80 | C54: 3007758 | D54: KAPT | E54: KAPT MOHD IRWANDY BIN ABDUL RAHIM | F54: CR10 | G54: PS 3 KEWANGAN | H54: DAGING | X54: 019-6644090 | Y54: P
A55: =F55 -> CR11 | B55: 106 | C55: 3014790 | D55: KAPT | E55: KAPT SANUSI BIN MOHD NOOR | F55: CR11 | G55: PS 3 CUKAI | H55: IKAN | X55: 010-2220893 | Y55: L
A56: =F56 -> CR11 | B56: 139 | C56: P7533192 | E56: KAPT SANUSI BIN MOHD NOOR | F56: CR11 | H56: IKAN | X56: 019-4944848 | Y56: L
A57: =F57 -> CR12 | B57: 106 | C57: P3014790 | E57: LT SITI NURAISYAH BINTI MD SIDEK | F57: CR12 | H57: IKAN | X57: 013-7964548 | Y57: L
A58: =F58 -> CR12 | B58: 139 | C58: 7533192 | D58: LT | E58: LT SITI NURAISYAH BINTI MD SIDEK | F58: CR12 | G58: PEG GAJI | H58: IKAN | X58: 013-2056478 | Y58: P
A59: =F59 -> CR13 | B59: 113 | C59: 7520874 | D59: KAPT | E59: KAPT SITI HALIDA BINTI KAMARUZAMAN | F59: CR13 | G59: PEG GAJI | H59: AYAM | X59: 013-2098029 | Y59: L
A60: =F60 -> CR14 | B60: 113 | C60: P7520874 | E60: KAPT MUHAMMAD HANIS BIN ABDUL TUDM | F60: CR14 | H60: DAGING | X60: 012-7105065 | Y60: L
A61: =F61 -> CR15 | B61: 114 | C61: P7520898 | E61: MUHAMMAD IHSAN BIN MOHD ZAINUDDIN | F61: CR15 | H61: KAMBING | X61: 019-8189175 | Y61: L
A62: =F62 -> CR16 | B62: 114 | C62: 7520898 | D62: KAPT | E62: KAPT NABILAH BINTI ABDULLAH | F62: CR16 | G62: PS 3 BELANJAWAN | H62: DAGING | X62: 014-9215944 | Y62: L
A63: =F63 -> 0 | B63: 42 | C63: 3009495 | D63: MEJ | E63: MEJ MUHAMAD FAZLY BIN MUSTAFA KAMAR | G63: PS 2 PEROLEHAN | H63: DAGING | I63: X | X63: 019-7758752 | Y63: L
A64: =F64 -> 0 | B64: 42 | C64: P3009495 | E64: PN NURULNAJLA BINTI IBRAHIM | H64: AYAM | I64: X | X64: 019-3342476 | Y64: P
A65: =F65 -> CR3 | B65: 18 | C65: P3006480 | E65: PN NORZURA BTE MOHAMED | F65: CR3 | H65: DAGING | X65: 019-4448383 | Y65: L
A66: =F66 -> CR4 | B66: 18 | C66: 3006480 | D66: LT KOL | E66: LT KOL NORDIN BIN AWANG | F66: CR4 | G66: PS 2 TKAT | H66: DAGING | X66: 017-6675997 | Y66: L
A67: =F67 -> CR5 | B67: 19 | C67: 3007186 | D67: LT KOL | E67: LT KOL ANTHONY AK UNGOP | F67: CR5 | G67: PS 2 GAJI/ BELANJAWAN | H67: AYAM | X67: 019-2127494 | Y67: P
A68: =F68 -> CR6 | B68: 16 | C68: 3008035 | D68: MEJ | E68: MEJ MOHAMAD HAZRI BIN HAMZAH | F68: CR6 | G68: PS 1 KEWANGAN | H68: IKAN | X68: 017-3520166 | Y68: L
A69: =F69 -> CR7 | B69: 16 | C69: P3008035 | E69: PN AZRINA BINTI MOHAMAD HEPNI | F69: CR7 | H69: AYAM | X69: 012-6556084 | Y69: P
A70: =F70 -> CR8 | B70: 78 | C70: 7517972 | D70: KAPT | E70: KAPT HASRULLIZA BTE ABD HALIM | F70: CR8 | G70: PS 2 BELANJAWAN (B) | H70: IKAN | X70: 019-2896805 | Y70: P
A71: =F71 -> CR9 | B71: 78 | C71: P7517972 | E71: MEJ MOHD FAUDZI BIN CHE HASHIM | F71: CR9 | H71: DAGING | X71: 019-3591401 | Y71: L
A72: =F72 -> DL10 | B72: 62 | C72: 3011861 | D72: MEJ | E72: MEJ MOHD HERMAN BIN KAMARUDIN | F72: DL10 | G72: PS 2 BELANJAWAN | H72: DAGING | X72: 019-7124654 | Y72: L
A73: =F73 -> DL11 | B73: 79 | C73: 3014047 | D73: KAPT | E73: KAPT MOHAMAD SHAFIQ BIN RAMZAN | F73: DL11 | G73: PS 2 GAJI | H73: AYAM | X73: 011-10708808 | Y73: L
A74: =F74 -> DL13 | B74: 99 | C74: 3014070 | D74: KAPT | E74: KAPT MUHAMAD AMIRUL SHAFIQ BIN MOHD AMIN | F74: DL13 | G74: PS 3 TADBIR | H74: DAGING | X74: 013-3446320 | Y74: P
A75: =F75 -> DL14 | B75: 98 | C75: P3013954 | E75: KAPT NOORMAS AIMAN BIN NOOR RIZAN | F75: DL14 | H75: IKAN | X75: 013-7176017 | Y75: P
A76: =F76 -> DL15 | B76: 98 | C76: 3013954 | D76: KAPT | E76: KAPT SITI RUHIYAH BINTI ABDULLAH | F76: DL15 | G76: PEG GAJI | H76: IKAN | X76: 019-8632281 | Y76: P
A77: =F77 -> DL16 | B77: 100 | C77: 3014295 | D77: KAPT | E77: KAPT FATIN FARISYA BINTI SOBRI | F77: DL16 | G77: PS 3 PEMERIKSAAN | H77: IKAN | X77: 013-2550455 | Y77: L
A78: =F78 -> DL17 | B78: 101 | C78: 3014299 | D78: KAPT | E78: KAPT JENNY LUYAH ANAK SIEW | F78: DL17 | G78: PEG GAJI KAWASAN | H78: IKAN | X78: 014-6698196 | Y78: L
A79: =F79 -> DL5 | B79: 15 | C79: 3009693 | D79: MEJ | E79: MEJ ZULKARNAIN BIN AMIR | F79: DL5 | G79: PS 1 BAYARAN | H79: DAGING | X79: 019-2327209 | Y79: P
A80: =F80 -> DL6 | B80: 15 | C80: P3009693 | E80: PN ZANARIAH BINTI IBRAHIM | F80: DL6 | H80: IKAN | X80: 019-7034047 | Y80: L
A81: =F81 -> DL7 | B81: 29 | C81: P3008001 | E81: PN NURHUDA BINTI ABD RAHIM | F81: DL7 | H81: AYAM | X81: 019-7717758 | Y81: L
A82: =F82 -> DL8 | B82: 29 | C82: 3008001 | D82: MEJ | E82: MEJ BADRUL HISHAM BIN MOHD SOHAIMI | F82: DL8 | G82: PS 2 KEWANGAN | H82: IKAN | X82: 013-3339587 | Y82: P
A83: =F83 -> DL9 | B83: 38 | C83: 3008922 | D83: MEJ | E83: MEJ MOHAMMAD KHAIRUL SYAWAL BIN ABDUL KARIM | F83: DL9 | G83: PS 2 GAJI/BEL | H83: DAGING | X83: 019-8849538 | Y83: P
A84: =F84 -> DR10 | B84: 92 | C84: P3013408 | E84: PN FATHIN HUSNA BINTI HAMZAH | F84: DR10 | H84: IKAN | X84: 010-4052209 | Y84: P
A85: =F85 -> DR11 | B85: 92 | C85: 3013408 | D85: KAPT | E85: KAPT MUHAMMAD FARRIS SYAZA BIN ZAMRI | F85: DR11 | G85: PEN JURUTERBANG TP UDARA A | H85: IKAN | X85: 017-8919503 | Y85: L
A86: =F86 -> DR12 | B86: 97 | C86: P3013928 | E86: KAPT AZZRUL HAFIEZ BIN HUSIN | F86: DR12 | H86: DAGING | X86: 014-8289819 | Y86: P
A87: =F87 -> DR12 | B87: 123 | C87: 7526905 | D87: KAPT | E87: KAPT AZZRUL HAFIEZ BIN HUSIN | F87: DR12 | G87: PEG GAJI | H87: DAGING | X87: 019-2583495 | Y87: L
A88: =F88 -> DR13 | B88: 97 | C88: 3013928 | D88: KAPT | E88: KAPT NURFARAHIN BINTI MOHD MOKHTAR | F88: DR13 | G88: PEG GAJI | H88: KAMBING | X88: 019-4197344 | Y88: L
A89: =F89 -> DR13 | B89: 123 | C89: P7526905 | E89: KAPT NURFARAHIN BINTI MOHD MOKHTAR | F89: DR13 | H89: KAMBING | X89: 013-3443049 | Y89: P
A90: =F90 -> DR14 | B90: 96 | C90: 3013754 | D90: KAPT | E90: KAPT KOSHILA A/P APPLANNAIDOO | F90: DR14 | G90: PS 3 BELANJAWAN | H90: IKAN | X90: 017-9226742 | Y90: P
A91: =F91 -> DR15 | B91: 94 | C91: 3013488 | D91: KAPT | E91: KAPT NURUL AFIQAH BINTI KAMARUDIN | F91: DR15 | G91: PEG GAJI | H91: KAMBING | X91: 013-3740501 | Y91: L
A92: =F92 -> DR16 | B92: 93 | C92: 3013482 | D92: KAPT | E92: KAPT NUR SHARMIZA BINTI NAZURI | F92: DR16 | G92: PS 3 BELANJAWAN | H92: KAMBING | X92: 019-3246311 | Y92: L
A93: =F93 -> DR3 | B93: 11 | C93: P3007529 | E93: PN SHARINA YUSNEEN BINTI KAMARUDDIN | F93: DR3 | H93: DAGING | X93: 019-5503880 | Y93: L
A94: =F94 -> DR4 | B94: 11 | C94: 3007529 | D94: LT KOL | E94: LT KOL IZWAN BIN ISMAIL | F94: DR4 | G94: PS 1 KEWANGAN | H94: DAGING | X94: 011-28095487 | Y94: P
A95: =F95 -> DR5 | B95: 47 | C95: P3010051 | E95: PUAN NORZILA BINTI ABDUL GHANI | F95: DR5 | H95: IKAN | X95: 013-3737358 | Y95: P
A96: =F96 -> DR6 | B96: 47 | C96: 3010051 | D96: MEJ | E96: MEJ MOHD ABD HAFIZ BIN MOHD NAZRI | F96: DR6 | G96: PS 2 BELANJAWAN | H96: DAGING | X96: 013-8868030 | Y96: L
A97: =F97 -> DR7 | B97: 90 | C97: 3013250 | D97: KAPT | E97: KAPT ADAM BIN YUSOH | F97: DR7 | G97: PS 3 KOORDINASI | H97: KAMBING | X97: 011 - 19723291 | Y97: P
A98: =F98 -> DR8 | B98: 91 | C98: 3013384 | D98: KAPT | E98: KAPT MUHAMMAD AFIFFUDDIN BIN MOHD YUSOP | F98: DR8 | G98: PS 3 LATIH | H98: IKAN | X98: 013-2480394 | Y98: P
A99: =F99 -> DR9 | B99: 91 | C99: P3013384 | E99: PN HAZIATHUL FITRA BINTI HUSIEN | F99: DR9 | H99: AYAM | X99: 018 - 3964270 | Y99: P
A100: =F100 -> EL1 | B100: 10 | C100: 3009651 | D100: LT KOL | E100: LT KOL MOHD AZIZI BIN AHMAD | F100: EL1 | G100: PS 1 BELANJAWAN | H100: IKAN | X100: 012-4032827 | Y100: L
...
